Workbook

Sheet 프로필
A1: 칼로리 관리 · 다이어트 로그
A3: 항목 | B3: 값
A4: 나이 | B4: 26
A5: 성별 | B5: 남성
A6: 키(cm) | B6: 185
A7: 몸무게(kg) | B7: 87
A8: 목표체중(kg) | B8: 80
A9: 활동계수 | B9: 1.375
A10: BMR | B10: =10*B8+6.25*B6-5*B4+5 -> 0
A11: TDEE | B11: =B10*B9 -> 0
A12: 권장 섭취 칼로리 | B12: =B11-500 -> 0
A14: 목표 매크로 | B14: 비율 | C14: kcal | D14: g
A15: 탄수화물 | B15: 0.5 | C15: =$B$12*B15 -> 0 | D15: =C15/4 -> 0
B16: 0.25 | C16: =$B$12*B16 -> 0 | D16: =C16/4 -> 0
B17: 0.25 | C17: =$B$12*B17 -> 0 | D17: =C17/9 -> 0

Sheet 음식DB
A1: 음식명 | B1: 기준량(비고) | C1: 칼로리_최소 | D1: 칼로리_최대 | E1: 탄수화물_최소 | F1: 탄수화물_최대 | G1: 단백질_최소 | H1: 단백질_최대 | I1: 지방_최소 | J1: 지방_최대
A2: 김치찌개 | B2: 1인분(300g) | C2: 250 | D2: 400 | E2: 10 | F2: 20 | G2: 15 | H2: 25 | I2: 12 | J2: 22
A3: 된장찌개 | B3: 1인분(300g) | C3: 180 | D3: 300 | E3: 12 | F3: 22 | G3: 10 | H3: 18 | I3: 7 | J3: 14
A4: 공기밥 | B4: 300g | C4: 420 | D4: 450 | E4: 90 | F4: 100 | G4: 7 | H4: 9 | I4: 0 | J4: 2
A5: 계란후라이 | B5: 1개 | C5: 90 | D5: 120 | E5: 0 | F5: 2 | G5: 6 | H5: 8 | I5: 7 | J5: 10
A6: 닭가슴살 | B6: 100g | C6: 110 | D6: 180 | E6: 0 | F6: 3 | G6: 23 | H6: 32 | I6: 1 | J6: 8
A7: 삼겹살 | B7: 200g | C7: 700 | D7: 1000 | E7: 0 | F7: 5 | G7: 30 | H7: 45 | I7: 55 | J7: 80
A8: 비빔밥 | B8: 1인분 | C8: 550 | D8: 750 | E8: 75 | F8: 105 | G8: 15 | H8: 25 | I8: 15 | J8: 25
A9: 라면 | B9: 1봉 | C9: 450 | D9: 600 | E9: 65 | F9: 85 | G9: 8 | H9: 12 | I9: 14 | J9: 22
A10: 김밥 | B10: 1줄 | C10: 400 | D10: 550 | E10: 55 | F10: 75 | G10: 12 | H10: 20 | I10: 12 | J10: 22
A11: 치킨(후라이드) | B11: 1조각 | C11: 250 | D11: 350 | E11: 8 | F11: 15 | G11: 15 | H11: 25 | I11: 16 | J11: 25
A12: 샐러드 | B12: 1볼(250g) | C12: 120 | D12: 250 | E12: 10 | F12: 25 | G12: 4 | H12: 12 | I12: 5 | J12: 15
A13: 우유 | B13: 200ml | C13: 120 | D13: 150 | E13: 10 | F13: 15 | G13: 6 | H13: 8 | I13: 6 | J13: 9
... A45: 삶은계란 | B45: 1개 | C45: 70 | D45: 90 | E45: 0 | F45: 2 | G45: 6 | H45: 8 | I45: 5 | J45: 7

Sheet 일일기록
A1: 날짜 | B1: 끼니 | C1: 음식명 | D1: 수량 | E1: 칼로리_최소 | F1: 칼로리_최대 | G1: 칼로리_평균 | H1: 탄수화물_평균 | I1: 단백질_평균 | J1: 지방_평균
A2: 46259.029 | B2: 아침 | C2: 삶은계란 | D2: 1 | E2: =IFERROR(VLOOKUP(C2,'음식DB'!$A$2:$J$46,3,FALSE)*D2,0) -> 0 | F2: =IFERROR(VLOOKUP(C2,'음식DB'!$A$2:$J$46,4,FALSE)*D2,0) -> 0 | G2: =IF(C2="",0,(E2+F2)/2) -> 0 | H2: =IFERROR((VLOOKUP(C2,'음식DB'!$A$2:$J$46,5,FALSE)+VLOOKUP(C2,'음식DB'!$A$2:$J$46,6,FALSE))/2*D2,0) -> 0 | I2: =IFERROR((VLOOKUP(C2,'음식DB'!$A$2:$J$46,7,FALSE)+VLOOKUP(C2,'음식DB'!$A$2:$J$46,8,FALSE))/2*D2,0) -> 0 | J2: =IFERROR((VLOOKUP(C2,'음식DB'!$A$2:$J$46,9,FALSE)+VLOOKUP(C2,'음식DB'!$A$2:$J$46,10,FALSE))/2*D2,0) -> 0
A3: 46259.029 | B3: 점심 | C3: 닭가슴살 | D3: 1 | E3: =IFERROR(VLOOKUP(C3,'음식DB'!$A$2:$J$46,3,FALSE)*D3,0) -> 0 | F3: =IFERROR(VLOOKUP(C3,'음식DB'!$A$2:$J$46,4,FALSE)*D3,0) -> 0 | G3: =IF(C3="",0,(E3+F3)/2) -> 0 | H3: =IFERROR((VLOOKUP(C3,'음식DB'!$A$2:$J$46,5,FALSE)+VLOOKUP(C3,'음식DB'!$A$2:$J$46,6,FALSE))/2*D3,0) -> 0 | I3: =IFERROR((VLOOKUP(C3,'음식DB'!$A$2:$J$46,7,FALSE)+VLOOKUP(C3,'음식DB'!$A$2:$J$46,8,FALSE))/2*D3,0) -> 0 | J3: =IFERROR((VLOOKUP(C3,'음식DB'!$A$2:$J$46,9,FALSE)+VLOOKUP(C3,'음식DB'!$A$2:$J$46,10,FALSE))/2*D3,0) -> 0
E4: =IFERROR(VLOOKUP(C4,'음식DB'!$A$2:$J$46,3,FALSE)*D4,0) -> 0 | F4: =IFERROR(VLOOKUP(C4,'음식DB'!$A$2:$J$46,4,FALSE)*D4,0) -> 0 | G4: =IF(C4="",0,(E4+F4)/2) -> 0 | H4: =IFERROR((VLOOKUP(C4,'음식DB'!$A$2:$J$46,5,FALSE)+VLOOKUP(C4,'음식DB'!$A$2:$J$46,6,FALSE))/2*D4,0) -> 0 | I4: =IFERROR((VLOOKUP(C4,'음식DB'!$A$2:$J$46,7,FALSE)+VLOOKUP(C4,'음식DB'!$A$2:$J$46,8,FALSE))/2*D4,0) -> 0 | J4: =IFERROR((VLOOKUP(C4,'음식DB'!$A$2:$J$46,9,FALSE)+VLOOKUP(C4,'음식DB'!$A$2:$J$46,10,FALSE))/2*D4,0) -> 0
E5: =IFERROR(VLOOKUP(C5,'음식DB'!$A$2:$J$46,3,FALSE)*D5,0) -> 0 | F5: =IFERROR(VLOOKUP(C5,'음식DB'!$A$2:$J$46,4,FALSE)*D5,0) -> 0 | G5: =IF(C5="",0,(E5+F5)/2) -> 0 | H5: =IFERROR((VLOOKUP(C5,'음식DB'!$A$2:$J$46,5,FALSE)+VLOOKUP(C5,'음식DB'!$A$2:$J$46,6,FALSE))/2*D5,0) -> 0 | I5: =IFERROR((VLOOKUP(C5,'음식DB'!$A$2:$J$46,7,FALSE)+VLOOKUP(C5,'음식DB'!$A$2:$J$46,8,FALSE))/2*D5,0) -> 0 | J5: =IFERROR((VLOOKUP(C5,'음식DB'!$A$2:$J$46,9,FALSE)+VLOOKUP(C5,'음식DB'!$A$2:$J$46,10,FALSE))/2*D5,0) -> 0
E6: =IFERROR(VLOOKUP(C6,'음식DB'!$A$2:$J$46,3,FALSE)*D6,0) -> 0 | F6: =IFERROR(VLOOKUP(C6,'음식DB'!$A$2:$J$46,4,FALSE)*D6,0) -> 0 | G6: =IF(C6="",0,(E6+F6)/2) -> 0 | H6: =IFERROR((VLOOKUP(C6,'음식DB'!$A$2:$J$46,5,FALSE)+VLOOKUP(C6,'음식DB'!$A$2:$J$46,6,FALSE))/2*D6,0) -> 0 | I6: =IFERROR((VLOOKUP(C6,'음식DB'!$A$2:$J$46,7,FALSE)+VLOOKUP(C6,'음식DB'!$A$2:$J$46,8,FALSE))/2*D6,0) -> 0 | J6: =IFERROR((VLOOKUP(C6,'음식DB'!$A$2:$J$46,9,FALSE)+VLOOKUP(C6,'음식DB'!$A$2:$J$46,10,FALSE))/2*D6,0) -> 0
E7: =IFERROR(VLOOKUP(C7,'음식DB'!$A$2:$J$46,3,FALSE)*D7,0) -> 0 | F7: =IFERROR(VLOOKUP(C7,'음식DB'!$A$2:$J$46,4,FALSE)*D7,0) -> 0 | G7: =IF(C7="",0,(E7+F7)/2) -> 0 | H7: =IFERROR((VLOOKUP(C7,'음식DB'!$A$2:$J$46,5,FALSE)+VLOOKUP(C7,'음식DB'!$A$2:$J$46,6,FALSE))/2*D7,0) -> 0 | I7: =IFERROR((VLOOKUP(C7,'음식DB'!$A$2:$J$46,7,FALSE)+VLOOKUP(C7,'음식DB'!$A$2:$J$46,8,FALSE))/2*D7,0) -> 0 | J7: =IFERROR((VLOOKUP(C7,'음식DB'!$A$2:$J$46,9,FALSE)+VLOOKUP(C7,'음식DB'!$A$2:$J$46,10,FALSE))/2*D7,0) -> 0
E8: =IFERROR(VLOOKUP(C8,'음식DB'!$A$2:$J$46,3,FALSE)*D8,0) -> 0 | F8: =IFERROR(VLOOKUP(C8,'음식DB'!$A$2:$J$46,4,FALSE)*D8,0) -> 0 | G8: =IF(C8="",0,(E8+F8)/2) -> 0 | H8: =IFERROR((VLOOKUP(C8,'음식DB'!$A$2:$J$46,5,FALSE)+VLOOKUP(C8,'음식DB'!$A$2:$J$46,6,FALSE))/2*D8,0) -> 0 | I8: =IFERROR((VLOOKUP(C8,'음식DB'!$A$2:$J$46,7,FALSE)+VLOOKUP(C8,'음식DB'!$A$2:$J$46,8,FALSE))/2*D8,0) -> 0 | J8: =IFERROR((VLOOKUP(C8,'음식DB'!$A$2:$J$46,9,FALSE)+VLOOKUP(C8,'음식DB'!$A$2:$J$46,10,FALSE))/2*D8,0) -> 0
E9: =IFERROR(VLOOKUP(C9,'음식DB'!$A$2:$J$46,3,FALSE)*D9,0) -> 0 | F9: =IFERROR(VLOOKUP(C9,'음식DB'!$A$2:$J$46,4,FALSE)*D9,0) -> 0 | G9: =IF(C9="",0,(E9+F9)/2) -> 0 | H9: =IFERROR((VLOOKUP(C9,'음식DB'!$A$2:$J$46,5,FALSE)+VLOOKUP(C9,'음식DB'!$A$2:$J$46,6,FALSE))/2*D9,0) -> 0 | I9: =IFERROR((VLOOKUP(C9,'음식DB'!$A$2:$J$46,7,FALSE)+VLOOKUP(C9,'음식DB'!$A$2:$J$46,8,FALSE))/2*D9,0) -> 0 | J9: =IFERROR((VLOOKUP(C9,'음식DB'!$A$2:$J$46,9,FALSE)+VLOOKUP(C9,'음식DB'!$A$2:$J$46,10,FALSE))/2*D9,0) -> 0
E10: =IFERROR(VLOOKUP(C10,'음식DB'!$A$2:$J$46,3,FALSE)*D10,0) -> 0 | F10: =IFERROR(VLOOKUP(C10,'음식DB'!$A$2:$J$46,4,FALSE)*D10,0) -> 0 | G10: =IF(C10="",0,(E10+F10)/2) -> 0 | H10: =IFERROR((VLOOKUP(C10,'음식DB'!$A$2:$J$46,5,FALSE)+VLOOKUP(C10,'음식DB'!$A$2:$J$46,6,FALSE))/2*D10,0) -> 0 | I10: =IFERROR((VLOOKUP(C10,'음식DB'!$A$2:$J$46,7,FALSE)+VLOOKUP(C10,'음식DB'!$A$2:$J$46,8,FALSE))/2*D10,0) -> 0 | J10: =IFERROR((VLOOKUP(C10,'음식DB'!$A$2:$J$46,9,FALSE)+VLOOKUP(C10,'음식DB'!$A$2:$J$46,10,FALSE))/2*D10,0) -> 0
E11: =IFERROR(VLOOKUP(C11,'음식DB'!$A$2:$J$46,3,FALSE)*D11,0) -> 0 | F11: =IFERROR(VLOOKUP(C11,'음식DB'!$A$2:$J$46,4,FALSE)*D11,0) -> 0 | G11: =IF(C11="",0,(E11+F11)/2) -> 0 | H11: =IFERROR((VLOOKUP(C11,'음식DB'!$A$2:$J$46,5,FALSE)+VLOOKUP(C11,'음식DB'!$A$2:$J$46,6,FALSE))/2*D11,0) -> 0 | I11: =IFERROR((VLOOKUP(C11,'음식DB'!$A$2:$J$46,7,FALSE)+VLOOKUP(C11,'음식DB'!$A$2:$J$46,8,FALSE))/2*D11,0) -> 0 | J11: =IFERROR((VLOOKUP(C11,'음식DB'!$A$2:$J$46,9,FALSE)+VLOOKUP(C11,'음식DB'!$A$2:$J$46,10,FALSE))/2*D11,0) -> 0
E12: =IFERROR(VLOOKUP(C12,'음식DB'!$A$2:$J$46,3,FALSE)*D12,0) -> 0 | F12: =IFERROR(VLOOKUP(C12,'음식DB'!$A$2:$J$46,4,FALSE)*D12,0) -> 0 | G12: =IF(C12="",0,(E12+F12)/2) -> 0 | H12: =IFERROR((VLOOKUP(C12,'음식DB'!$A$2:$J$46,5,FALSE)+VLOOKUP(C12,'음식DB'!$A$2:$J$46,6,FALSE))/2*D12,0) -> 0 | I12: =IFERROR((VLOOKUP(C12,'음식DB'!$A$2:$J$46,7,FALSE)+VLOOKUP(C12,'음식DB'!$A$2:$J$46,8,FALSE))/2*D12,0) -> 0 | J12: =IFERROR((VLOOKUP(C12,'음식DB'!$A$2:$J$46,9,FALSE)+VLOOKUP(C12,'음식DB'!$A$2:$J$46,10,FALSE))/2*D12,0) -> 0
E13: =IFERROR(VLOOKUP(C13,'음식DB'!$A$2:$J$46,3,FALSE)*D13,0) -> 0 | F13: =IFERROR(VLOOKUP(C13,'음식DB'!$A$2:$J$46,4,FALSE)*D13,0) -> 0 | G13: =IF(C13="",0,(E13+F13)/2) -> 0 | H13: =IFERROR((VLOOKUP(C13,'음식DB'!$A$2:$J$46,5,FALSE)+VLOOKUP(C13,'음식DB'!$A$2:$J$46,6,FALSE))/2*D13,0) -> 0 | I13: =IFERROR((VLOOKUP(C13,'음식DB'!$A$2:$J$46,7,FALSE)+VLOOKUP(C13,'음식DB'!$A$2:$J$46,8,FALSE))/2*D13,0) -> 0 | J13: =IFERROR((VLOOKUP(C13,'음식DB'!$A$2:$J$46,9,FALSE)+VLOOKUP(C13,'음식DB'!$A$2:$J$46,10,FALSE))/2*D13,0) -> 0
E14: =IFERROR(VLOOKUP(C14,'음식DB'!$A$2:$J$46,3,FALSE)*D14,0) -> 0 | F14: =IFERROR(VLOOKUP(C14,'음식DB'!$A$2:$J$46,4,FALSE)*D14,0) -> 0 | G14: =IF(C14="",0,(E14+F14)/2) -> 0 | H14: =IFERROR((VLOOKUP(C14,'음식DB'!$A$2:$J$46,5,FALSE)+VLOOKUP(C14,'음식DB'!$A$2:$J$46,6,FALSE))/2*D14,0) -> 0 | I14: =IFERROR((VLOOKUP(C14,'음식DB'!$A$2:$J$46,7,FALSE)+VLOOKUP(C14,'음식DB'!$A$2:$J$46,8,FALSE))/2*D14,0) -> 0 | J14: =IFERROR((VLOOKUP(C14,'음식DB'!$A$2:$J$46,9,FALSE)+VLOOKUP(C14,'음식DB'!$A$2:$J$46,10,FALSE))/2*D14,0) -> 0
E15: =IFERROR(VLOOKUP(C15,'음식DB'!$A$2:$J$46,3,FALSE)*D15,0) -> 0 | F15: =IFERROR(VLOOKUP(C15,'음식DB'!$A$2:$J$46,4,FALSE)*D15,0) -> 0 | G15: =IF(C15="",0,(E15+F15)/2) -> 0 | H15: =IFERROR((VLOOKUP(C15,'음식DB'!$A$2:$J$46,5,FALSE)+VLOOKUP(C15,'음식DB'!$A$2:$J$46,6,FALSE))/2*D15,0) -> 0 | I15: =IFERROR((VLOOKUP(C15,'음식DB'!$A$2:$J$46,7,FALSE)+VLOOKUP(C15,'음식DB'!$A$2:$J$46,8,FALSE))/2*D15,0) -> 0 | J15: =IFERROR((VLOOKUP(C15,'음식DB'!$A$2:$J$46,9,FALSE)+VLOOKUP(C15,'음식DB'!$A$2:$J$46,10,FALSE))/2*D15,0) -> 0
... E61: =IFERROR(VLOOKUP(C61,'음식DB'!$A$2:$J$46,3,FALSE)*D61,0) -> 0 | F61: =IFERROR(VLOOKUP(C61,'음식DB'!$A$2:$J$46,4,FALSE)*D61,0) -> 0 | G61: =IF(C61="",0,(E61+F61)/2) -> 0 | H61: =IFERROR((VLOOKUP(C61,'음식DB'!$A$2:$J$46,5,FALSE)+VLOOKUP(C61,'음식DB'!$A$2:$J$46,6,FALSE))/2*D61,0) -> 0 | I61: =IFERROR((VLOOKUP(C61,'음식DB'!$A$2:$J$46,7,FALSE)+VLOOKUP(C61,'음식DB'!$A$2:$J$46,8,FALSE))/2*D61,0) -> 0 | J61: =IFERROR((VLOOKUP(C61,'음식DB'!$A$2:$J$46,9,FALSE)+VLOOKUP(C61,'음식DB'!$A$2:$J$46,10,FALSE))/2*D61,0) -> 0

Sheet 일별요약
A1: 날짜 | B1: 칼로리 평균 | C1: 탄수화물 g | D1: 단백질 g | E1: 지방 g | F1: 남은 칼로리 | G1: 칼로리 달성률 | H1: 탄수화물 달성률 | I1: 단백질 달성률 | J1: 지방 달성률 | K1: 부족 영양소 | L1: 조언 | M1: 검산 칼로리 | N1: 검산 결과
A2: 46260.029 | B2: =SUMIFS('일일기록'!$G$2:$G$61,'일일기록'!$A$2:$A$61,A2) -> 0 | C2: =SUMIFS('일일기록'!$H$2:$H$61,'일일기록'!$A$2:$A$61,A2) -> 0 | D2: =SUMIFS('일일기록'!$I$2:$I$61,'일일기록'!$A$2:$A$61,A2) -> 0 | E2: =SUMIFS('일일기록'!$J$2:$J$61,'일일기록'!$A$2:$A$61,A2) -> 0 | F2: ='프로필'!$B$12-B2 -> 0 | G2: =IFERROR(B2/'프로필'!$B$12,0) -> 0 | H2: =IFERROR(C2/'프로필'!$D$15,0) -> 0 | I2: =IFERROR(D2/'프로필'!$D$16,0) -> 0 | J2: =IFERROR(E2/'프로필'!$D$17,0) -> 0 | K2: =IF(H2=MIN(H2:J2),"탄수화물 부족",IF(I2=MIN(H2:J2),"단백질 부족","지방 부족")) -> 0 | L2: =IF(K2="단백질 부족","닭가슴살, 두부, 계란 등을 추가하세요",IF(K2="탄수화물 부족","밥, 고구마 등을 추가하세요","견과류, 올리브유 등을 추가하세요")) -> 0 | M2: =B2 -> 0 | N2: =IF(B2=M2,"✅ 일치","⚠️ 불일치") -> 0
A3: 46261.029 | B3: =SUMIFS('일일기록'!$G$2:$G$61,'일일기록'!$A$2:$A$61,A3) -> 0 | C3: =SUMIFS('일일기록'!$H$2:$H$61,'일일기록'!$A$2:$A$61,A3) -> 0 | D3: =SUMIFS('일일기록'!$I$2:$I$61,'일일기록'!$A$2:$A$61,A3) -> 0 | E3: =SUMIFS('일일기록'!$J$2:$J$61,'일일기록'!$A$2:$A$61,A3) -> 0 | F3: ='프로필'!$B$12-B3 -> 0 | G3: =IFERROR(B3/'프로필'!$B$12,0) -> 0 | H3: =IFERROR(C3/'프로필'!$D$15,0) -> 0 | I3: =IFERROR(D3/'프로필'!$D$16,0) -> 0 | J3: =IFERROR(E3/'프로필'!$D$17,0) -> 0 | K3: =IF(H3=MIN(H3:J3),"탄수화물 부족",IF(I3=MIN(H3:J3),"단백질 부족","지방 부족")) -> 0 | L3: =IF(K3="단백질 부족","닭가슴살, 두부, 계란 등을 추가하세요",IF(K3="탄수화물 부족","밥, 고구마 등을 추가하세요","견과류, 올리브유 등을 추가하세요")) -> 0 | M3: =B3 -> 0 | N3: =IF(B3=M3,"✅ 일치","⚠️ 불일치") -> 0
A4: 46262.029 | B4: =SUMIFS('일일기록'!$G$2:$G$61,'일일기록'!$A$2:$A$61,A4) -> 0 | C4: =SUMIFS('일일기록'!$H$2:$H$61,'일일기록'!$A$2:$A$61,A4) -> 0 | D4: =SUMIFS('일일기록'!$I$2:$I$61,'일일기록'!$A$2:$A$61,A4) -> 0 | E4: =SUMIFS('일일기록'!$J$2:$J$61,'일일기록'!$A$2:$A$61,A4) -> 0 | F4: ='프로필'!$B$12-B4 -> 0 | G4: =IFERROR(B4/'프로필'!$B$12,0) -> 0 | H4: =IFERROR(C4/'프로필'!$D$15,0) -> 0 | I4: =IFERROR(D4/'프로필'!$D$16,0) -> 0 | J4: =IFERROR(E4/'프로필'!$D$17,0) -> 0 | K4: =IF(H4=MIN(H4:J4),"탄수화물 부족",IF(I4=MIN(H4:J4),"단백질 부족","지방 부족")) -> 0 | L4: =IF(K4="단백질 부족","닭가슴살, 두부, 계란 등을 추가하세요",IF(K4="탄수화물 부족","밥, 고구마 등을 추가하세요","견과류, 올리브유 등을 추가하세요")) -> 0 | M4: =B4 -> 0 | N4: =IF(B4=M4,"✅ 일치","⚠️ 불일치") -> 0
A5: 46263.029 | B5: =SUMIFS('일일기록'!$G$2:$G$61,'일일기록'!$A$2:$A$61,A5) -> 0 | C5: =SUMIFS('일일기록'!$H$2:$H$61,'일일기록'!$A$2:$A$61,A5) -> 0 | D5: =SUMIFS('일일기록'!$I$2:$I$61,'일일기록'!$A$2:$A$61,A5) -> 0 | E5: =SUMIFS('일일기록'!$J$2:$J$61,'일일기록'!$A$2:$A$61,A5) -> 0 | F5: ='프로필'!$B$12-B5 -> 0 | G5: =IFERROR(B5/'프로필'!$B$12,0) -> 0 | H5: =IFERROR(C5/'프로필'!$D$15,0) -> 0 | I5: =IFERROR(D5/'프로필'!$D$16,0) -> 0 | J5: =IFERROR(E5/'프로필'!$D$17,0) -> 0 | K5: =IF(H5=MIN(H5:J5),"탄수화물 부족",IF(I5=MIN(H5:J5),"단백질 부족","지방 부족")) -> 0 | L5: =IF(K5="단백질 부족","닭가슴살, 두부, 계란 등을 추가하세요",IF(K5="탄수화물 부족","밥, 고구마 등을 추가하세요","견과류, 올리브유 등을 추가하세요")) -> 0 | M5: =B5 -> 0 | N5: =IF(B5=M5,"✅ 일치","⚠️ 불일치") -> 0
A6: 46264.029 | B6: =SUMIFS('일일기록'!$G$2:$G$61,'일일기록'!$A$2:$A$61,A6) -> 0 | C6: =SUMIFS('일일기록'!$H$2:$H$61,'일일기록'!$A$2:$A$61,A6) -> 0 | D6: =SUMIFS('일일기록'!$I$2:$I$61,'일일기록'!$A$2:$A$61,A6) -> 0 | E6: =SUMIFS('일일기록'!$J$2:$J$61,'일일기록'!$A$2:$A$61,A6) -> 0 | F6: ='프로필'!$B$12-B6 -> 0 | G6: =IFERROR(B6/'프로필'!$B$12,0) -> 0 | H6: =IFERROR(C6/'프로필'!$D$15,0) -> 0 | I6: =IFERROR(D6/'프로필'!$D$16,0) -> 0 | J6: =IFERROR(E6/'프로필'!$D$17,0) -> 0 | K6: =IF(H6=MIN(H6:J6),"탄수화물 부족",IF(I6=MIN(H6:J6),"단백질 부족","지방 부족")) -> 0 | L6: =IF(K6="단백질 부족","닭가슴살, 두부, 계란 등을 추가하세요",IF(K6="탄수화물 부족","밥, 고구마 등을 추가하세요","견과류, 올리브유 등을 추가하세요")) -> 0 | M6: =B6 -> 0 | N6: =IF(B6=M6,"✅ 일치","⚠️ 불일치") -> 0
A7: 46265.029 | B7: =SUMIFS('일일기록'!$G$2:$G$61,'일일기록'!$A$2:$A$61,A7) -> 0 | C7: =SUMIFS('일일기록'!$H$2:$H$61,'일일기록'!$A$2:$A$61,A7) -> 0 | D7: =SUMIFS('일일기록'!$I$2:$I$61,'일일기록'!$A$2:$A$61,A7) -> 0 | E7: =SUMIFS('일일기록'!$J$2:$J$61,'일일기록'!$A$2:$A$61,A7) -> 0 | F7: ='프로필'!$B$12-B7 -> 0 | G7: =IFERROR(B7/'프로필'!$B$12,0) -> 0 | H7: =IFERROR(C7/'프로필'!$D$15,0) -> 0 | I7: =IFERROR(D7/'프로필'!$D$16,0) -> 0 | J7: =IFERROR(E7/'프로필'!$D$17,0) -> 0 | K7: =IF(H7=MIN(H7:J7),"탄수화물 부족",IF(I7=MIN(H7:J7),"단백질 부족","지방 부족")) -> 0 | L7: =IF(K7="단백질 부족","닭가슴살, 두부, 계란 등을 추가하세요",IF(K7="탄수화물 부족","밥, 고구마 등을 추가하세요","견과류, 올리브유 등을 추가하세요")) -> 0 | M7: =B7 -> 0 | N7: =IF(B7=M7,"✅ 일치","⚠️ 불일치") -> 0
A8: 46266.029 | B8: =SUMIFS('일일기록'!$G$2:$G$61,'일일기록'!$A$2:$A$61,A8) -> 0 | C8: =SUMIFS('일일기록'!$H$2:$H$61,'일일기록'!$A$2:$A$61,A8) -> 0 | D8: =SUMIFS('일일기록'!$I$2:$I$61,'일일기록'!$A$2:$A$61,A8) -> 0 | E8: =SUMIFS('일일기록'!$J$2:$J$61,'일일기록'!$A$2:$A$61,A8) -> 0 | F8: ='프로필'!$B$12-B8 -> 0 | G8: =IFERROR(B8/'프로필'!$B$12,0) -> 0 | H8: =IFERROR(C8/'프로필'!$D$15,0) -> 0 | I8: =IFERROR(D8/'프로필'!$D$16,0) -> 0 | J8: =IFERROR(E8/'프로필'!$D$17,0) -> 0 | K8: =IF(H8=MIN(H8:J8),"탄수화물 부족",IF(I8=MIN(H8:J8),"단백질 부족","지방 부족")) -> 0 | L8: =IF(K8="단백질 부족","닭가슴살, 두부, 계란 등을 추가하세요",IF(K8="탄수화물 부족","밥, 고구마 등을 추가하세요","견과류, 올리브유 등을 추가하세요")) -> 0 | M8: =B8 -> 0 | N8: =IF(B8=M8,"✅ 일치","⚠️ 불일치") -> 0
A9: 46267.029 | B9: =SUMIFS('일일기록'!$G$2:$G$61,'일일기록'!$A$2:$A$61,A9) -> 0 | C9: =SUMIFS('일일기록'!$H$2:$H$61,'일일기록'!$A$2:$A$61,A9) -> 0 | D9: =SUMIFS('일일기록'!$I$2:$I$61,'일일기록'!$A$2:$A$61,A9) -> 0 | E9: =SUMIFS('일일기록'!$J$2:$J$61,'일일기록'!$A$2:$A$61,A9) -> 0 | F9: ='프로필'!$B$12-B9 -> 0 | G9: =IFERROR(B9/'프로필'!$B$12,0) -> 0 | H9: =IFERROR(C9/'프로필'!$D$15,0) -> 0 | I9: =IFERROR(D9/'프로필'!$D$16,0) -> 0 | J9: =IFERROR(E9/'프로필'!$D$17,0) -> 0 | K9: =IF(H9=MIN(H9:J9),"탄수화물 부족",IF(I9=MIN(H9:J9),"단백질 부족","지방 부족")) -> 0 | L9: =IF(K9="단백질 부족","닭가슴살, 두부, 계란 등을 추가하세요",IF(K9="탄수화물 부족","밥, 고구마 등을 추가하세요","견과류, 올리브유 등을 추가하세요")) -> 0 | M9: =B9 -> 0 | N9: =IF(B9=M9,"✅ 일치","⚠️ 불일치") -> 0
A10: 46268.029 | B10: =SUMIFS('일일기록'!$G$2:$G$61,'일일기록'!$A$2:$A$61,A10) -> 0 | C10: =SUMIFS('일일기록'!$H$2:$H$61,'일일기록'!$A$2:$A$61,A10) -> 0 | D10: =SUMIFS('일일기록'!$I$2:$I$61,'일일기록'!$A$2:$A$61,A10) -> 0 | E10: =SUMIFS('일일기록'!$J$2:$J$61,'일일기록'!$A$2:$A$61,A10) -> 0 | F10: ='프로필'!$B$12-B10 -> 0 | G10: =IFERROR(B10/'프로필'!$B$12,0) -> 0 | H10: =IFERROR(C10/'프로필'!$D$15,0) -> 0 | I10: =IFERROR(D10/'프로필'!$D$16,0) -> 0 | J10: =IFERROR(E10/'프로필'!$D$17,0) -> 0 | K10: =IF(H10=MIN(H10:J10),"탄수화물 부족",IF(I10=MIN(H10:J10),"단백질 부족","지방 부족")) -> 0 | L10: =IF(K10="단백질 부족","닭가슴살, 두부, 계란 등을 추가하세요",IF(K10="탄수화물 부족","밥, 고구마 등을 추가하세요","견과류, 올리브유 등을 추가하세요")) -> 0 | M10: =B10 -> 0 | N10: =IF(B10=M10,"✅ 일치","⚠️ 불일치") -> 0
A11: 46269.029 | B11: =SUMIFS('일일기록'!$G$2:$G$61,'일일기록'!$A$2:$A$61,A11) -> 0 | C11: =SUMIFS('일일기록'!$H$2:$H$61,'일일기록'!$A$2:$A$61,A11) -> 0 | D11: =SUMIFS('일일기록'!$I$2:$I$61,'일일기록'!$A$2:$A$61,A11) -> 0 | E11: =SUMIFS('일일기록'!$J$2:$J$61,'일일기록'!$A$2:$A$61,A11) -> 0 | F11: ='프로필'!$B$12-B11 -> 0 | G11: =IFERROR(B11/'프로필'!$B$12,0) -> 0 | H11: =IFERROR(C11/'프로필'!$D$15,0) -> 0 | I11: =IFERROR(D11/'프로필'!$D$16,0) -> 0 | J11: =IFERROR(E11/'프로필'!$D$17,0) -> 0 | K11: =IF(H11=MIN(H11:J11),"탄수화물 부족",IF(I11=MIN(H11:J11),"단백질 부족","지방 부족")) -> 0 | L11: =IF(K11="단백질 부족","닭가슴살, 두부, 계란 등을 추가하세요",IF(K11="탄수화물 부족","밥, 고구마 등을 추가하세요","견과류, 올리브유 등을 추가하세요")) -> 0 | M11: =B11 -> 0 | N11: =IF(B11=M11,"✅ 일치","⚠️ 불일치") -> 0
A12: 46270.029 | B12: =SUMIFS('일일기록'!$G$2:$G$61,'일일기록'!$A$2:$A$61,A12) -> 0 | C12: =SUMIFS('일일기록'!$H$2:$H$61,'일일기록'!$A$2:$A$61,A12) -> 0 | D12: =SUMIFS('일일기록'!$I$2:$I$61,'일일기록'!$A$2:$A$61,A12) -> 0 | E12: =SUMIFS('일일기록'!$J$2:$J$61,'일일기록'!$A$2:$A$61,A12) -> 0 | F12: ='프로필'!$B$12-B12 -> 0 | G12: =IFERROR(B12/'프로필'!$B$12,0) -> 0 | H12: =IFERROR(C12/'프로필'!$D$15,0) -> 0 | I12: =IFERROR(D12/'프로필'!$D$16,0) -> 0 | J12: =IFERROR(E12/'프로필'!$D$17,0) -> 0 | K12: =IF(H12=MIN(H12:J12),"탄수화물 부족",IF(I12=MIN(H12:J12),"단백질 부족","지방 부족")) -> 0 | L12: =IF(K12="단백질 부족","닭가슴살, 두부, 계란 등을 추가하세요",IF(K12="탄수화물 부족","밥, 고구마 등을 추가하세요","견과류, 올리브유 등을 추가하세요")) -> 0 | M12: =B12 -> 0 | N12: =IF(B12=M12,"✅ 일치","⚠️ 불일치") -> 0
A13: 46271.029 | B13: =SUMIFS('일일기록'!$G$2:$G$61,'일일기록'!$A$2:$A$61,A13) -> 0 | C13: =SUMIFS('일일기록'!$H$2:$H$61,'일일기록'!$A$2:$A$61,A13) -> 0 | D13: =SUMIFS('일일기록'!$I$2:$I$61,'일일기록'!$A$2:$A$61,A13) -> 0 | E13: =SUMIFS('일일기록'!$J$2:$J$61,'일일기록'!$A$2:$A$61,A13) -> 0 | F13: ='프로필'!$B$12-B13 -> 0 | G13: =IFERROR(B13/'프로필'!$B$12,0) -> 0 | H13: =IFERROR(C13/'프로필'!$D$15,0) -> 0 | I13: =IFERROR(D13/'프로필'!$D$16,0) -> 0 | J13: =IFERROR(E13/'프로필'!$D$17,0) -> 0 | K13: =IF(H13=MIN(H13:J13),"탄수화물 부족",IF(I13=MIN(H13:J13),"단백질 부족","지방 부족")) -> 0 | L13: =IF(K13="단백질 부족","닭가슴살, 두부, 계란 등을 추가하세요",IF(K13="탄수화물 부족","밥, 고구마 등을 추가하세요","견과류, 올리브유 등을 추가하세요")) -> 0 | M13: =B13 -> 0 | N13: =IF(B13=M13,"✅ 일치","⚠️ 불일치") -> 0
... A31: 46289.029 | B31: =SUMIFS('일일기록'!$G$2:$G$61,'일일기록'!$A$2:$A$61,A31) -> 0 | C31: =SUMIFS('일일기록'!$H$2:$H$61,'일일기록'!$A$2:$A$61,A31) -> 0 | D31: =SUMIFS('일일기록'!$I$2:$I$61,'일일기록'!$A$2:$A$61,A31) -> 0 | E31: =SUMIFS('일일기록'!$J$2:$J$61,'일일기록'!$A$2:$A$61,A31) -> 0 | F31: ='프로필'!$B$12-B31 -> 0 | G31: =IFERROR(B31/'프로필'!$B$12,0) -> 0 | H31: =IFERROR(C31/'프로필'!$D$15,0) -> 0 | I31: =IFERROR(D31/'프로필'!$D$16,0) -> 0 | J31: =IFERROR(E31/'프로필'!$D$17,0) -> 0 | K31: =IF(H31=MIN(H31:J31),"탄수화물 부족",IF(I31=MIN(H31:J31),"단백질 부족","지방 부족")) -> 0 | L31: =IF(K31="단백질 부족","닭가슴살, 두부, 계란 등을 추가하세요",IF(K31="탄수화물 부족","밥, 고구마 등을 추가하세요","견과류, 올리브유 등을 추가하세요")) -> 0 | M31: =B31 -> 0 | N31: =IF(B31=M31,"✅ 일치","⚠️ 불일치") -> 0
